gen,rep,prim_in,alt,prod
2,1,7,60,27.498
2,2,4.5,42,19.2486
2d,1,7.5,43,19.7069
2d,2,6.5,45,20.6235
T8,1,8,45,20.6235
T8,2,9.5,58,26.5814
T9,1,13,50,22.915
T9,2,10,64,29.3312
71,1,19,46,21.0818
71,2,7,55,25.2065
74,1,10,49,22.4567
74,2,8,51.5,23.60245
80,1,8.5,21,9.6243
80,2,10.5,46,21.0818
35,1,12,39,17.8737
35,2,14,56,25.6648
DOS,1,11,50,22.915
DOS,2,13,63,28.8729
22,1,12.5,68.5,31.39355
22,2,8,48,21.9984
